{
  "generated_at": "2026-03-11T15:40:41.859094Z",
  "input_parquet": "/mnt/hgfs/share_Ubuntu/eaglepro/data/features/train_features.parquet",
  "output_dir": "/mnt/hgfs/share_Ubuntu/eaglepro/models",
  "n_samples": 30313,
  "train_size": 21219,
  "val_size": 4547,
  "test_size": 4547,
  "feature_names": [
    "ip_attempts_1s",
    "ip_attempts_5s",
    "ip_attempts_30s",
    "ip_failed_rate_30s",
    "ip_unique_users_5m",
    "ip_avg_interarrival_30s",
    "user_failed_5m",
    "user_unique_ips_5m",
    "user_unique_ips_1h",
    "user_success_streak",
    "pair_attempts_5m",
    "pair_success_rate_5m",
    "hour_sin",
    "hour_cos",
    "is_business_hours"
  ],
  "binary_model": {
    "best_params": {
      "C": 10.0,
      "penalty": "l2"
    },
    "metrics": {
      "default_0_5": {
        "threshold": 0.5,
        "precision": 0.9952120383036935,
        "recall": 0.9979423868312757,
        "f1": 0.9965753424657535,
        "roc_auc": 0.9999169583117402,
        "pr_auc": 0.9998421049943745
      },
      "t_high_recall": {
        "threshold": 0.8320675767871047,
        "precision": 0.9986263736263736,
        "recall": 0.9972565157750343,
        "f1": 0.9979409746053534,
        "roc_auc": 0.9999169583117402,
        "pr_auc": 0.9998421049943745
      },
      "t_balanced": {
        "threshold": 0.8320675767871047,
        "precision": 0.9986263736263736,
        "recall": 0.9972565157750343,
        "f1": 0.9979409746053534,
        "roc_auc": 0.9999169583117402,
        "pr_auc": 0.9998421049943745
      },
      "t_high_precision": {
        "threshold": 1.0,
        "precision": 1.0,
        "recall": 0.04046639231824417,
        "f1": 0.07778510217534608,
        "roc_auc": 0.9999169583117402,
        "pr_auc": 0.9998421049943745
      },
      "thresholds": {
        "t_high_recall": 0.8320675767871047,
        "t_balanced": 0.8320675767871047,
        "t_high_precision": 1.0
      }
    }
  },
  "multiclass_model": {
    "best_params": {
      "C": 10.0
    },
    "metrics": {
      "classification_report": {
        "benign": {
          "precision": 1.0,
          "recall": 0.9987050825509873,
          "f1-score": 0.9993521218011013,
          "support": 3089.0
        },
        "credential_stuffing": {
          "precision": 0.9977827050997783,
          "recall": 1.0,
          "f1-score": 0.9988901220865705,
          "support": 1350.0
        },
        "distributed_attack": {
          "precision": 1.0,
          "recall": 1.0,
          "f1-score": 1.0,
          "support": 40.0
        },
        "rapid_bruteforce": {
          "precision": 0.9855072463768116,
          "recall": 1.0,
          "f1-score": 0.9927007299270074,
          "support": 68.0
        },
        "accuracy": 0.9991202990983066,
        "macro avg": {
          "precision": 0.9958224878691475,
          "recall": 0.9996762706377469,
          "f1-score": 0.9977357434536698,
          "support": 4547.0
        },
        "weighted avg": {
          "precision": 0.9991249493376564,
          "recall": 0.9991202990983066,
          "f1-score": 0.9991211829108222,
          "support": 4547.0
        }
      },
      "confusion_matrix": [
        [
          3085,
          3,
          0,
          1
        ],
        [
          0,
          1350,
          0,
          0
        ],
        [
          0,
          0,
          40,
          0
        ],
        [
          0,
          0,
          0,
          68
        ]
      ],
      "labels": [
        "benign",
        "credential_stuffing",
        "distributed_attack",
        "rapid_bruteforce"
      ]
    }
  },
  "label_encoding": {
    "classes": [
      "benign",
      "credential_stuffing",
      "distributed_attack",
      "rapid_bruteforce"
    ]
  },
  "artifacts": {
    "binary_model_path": "models/binary_model.joblib",
    "multiclass_model_path": "models/multiclass_model.joblib",
    "scaler_path": "models/scaler.joblib"
  }
}