{
  "generated_at": "2026-03-11T10:37:23.436028Z",
  "input_parquet": "/mnt/hgfs/share_Ubuntu/eaglepro/data/features/train_features.parquet",
  "output_dir": "/mnt/hgfs/share_Ubuntu/eaglepro/models",
  "n_samples": 30313,
  "train_size": 21219,
  "val_size": 4547,
  "test_size": 4547,
  "feature_names": [
    "ip_attempts_1s",
    "ip_attempts_5s",
    "ip_attempts_30s",
    "ip_failed_rate_30s",
    "ip_unique_users_5m",
    "ip_avg_interarrival_30s",
    "user_failed_5m",
    "user_unique_ips_5m",
    "user_unique_ips_1h",
    "user_success_streak",
    "pair_attempts_5m",
    "pair_success_rate_5m",
    "hour_sin",
    "hour_cos",
    "is_business_hours"
  ],
  "binary_model": {
    "best_params": {
      "C": 1.0,
      "penalty": "l2"
    },
    "metrics": {
      "default_0_5": {
        "threshold": 0.5,
        "precision": 0.9945317840054683,
        "recall": 0.9979423868312757,
        "f1": 0.9962341663813762,
        "roc_auc": 0.9999451569598926,
        "pr_auc": 0.9998916223579307
      },
      "t_high_recall": {
        "threshold": 0.6467174869060794,
        "precision": 0.9979423868312757,
        "recall": 0.9979423868312757,
        "f1": 0.9979423868312757,
        "roc_auc": 0.9999451569598926,
        "pr_auc": 0.9998916223579307
      },
      "t_balanced": {
        "threshold": 0.6467174869060794,
        "precision": 0.9979423868312757,
        "recall": 0.9979423868312757,
        "f1": 0.9979423868312757,
        "roc_auc": 0.9999451569598926,
        "pr_auc": 0.9998916223579307
      },
      "t_high_precision": {
        "threshold": 1.0,
        "precision": 1.0,
        "recall": 0.00823045267489712,
        "f1": 0.0163265306122449,
        "roc_auc": 0.9999451569598926,
        "pr_auc": 0.9998916223579307
      },
      "thresholds": {
        "t_high_recall": 0.6467174869060794,
        "t_balanced": 0.6467174869060794,
        "t_high_precision": 1.0
      }
    }
  },
  "multiclass_model": {
    "best_params": {
      "C": 10.0
    },
    "metrics": {
      "classification_report": {
        "benign": {
          "precision": 1.0,
          "recall": 0.9983813531887342,
          "f1-score": 0.9991900210594524,
          "support": 3089.0
        },
        "credential_stuffing": {
          "precision": 0.996309963099631,
          "recall": 1.0,
          "f1-score": 0.9981515711645101,
          "support": 1350.0
        },
        "distributed_attack": {
          "precision": 1.0,
          "recall": 1.0,
          "f1-score": 1.0,
          "support": 40.0
        },
        "rapid_bruteforce": {
          "precision": 1.0,
          "recall": 1.0,
          "f1-score": 1.0,
          "support": 68.0
        },
        "accuracy": 0.9989003738728832,
        "macro avg": {
          "precision": 0.9990774907749078,
          "recall": 0.9995953382971836,
          "f1-score": 0.9993353980559907,
          "support": 4547.0
        },
        "weighted avg": {
          "precision": 0.9989044315338688,
          "recall": 0.9989003738728832,
          "f1-score": 0.9989009448262013,
          "support": 4547.0
        }
      },
      "confusion_matrix": [
        [
          3084,
          5,
          0,
          0
        ],
        [
          0,
          1350,
          0,
          0
        ],
        [
          0,
          0,
          40,
          0
        ],
        [
          0,
          0,
          0,
          68
        ]
      ],
      "labels": [
        "benign",
        "credential_stuffing",
        "distributed_attack",
        "rapid_bruteforce"
      ]
    }
  },
  "label_encoding": {
    "classes": [
      "benign",
      "credential_stuffing",
      "distributed_attack",
      "rapid_bruteforce"
    ]
  },
  "artifacts": {
    "binary_model_path": "models/binary_model.joblib",
    "multiclass_model_path": "models/multiclass_model.joblib",
    "scaler_path": "models/scaler.joblib"
  }
}